agency,year,state,population,ORI,offenses_burglary_resident_day,offenses_burglary_resident_night,offenses_burglary_resident_unknown,offenses_burglary_nonresident_day,offenses_burglary_nonresident_night,offenses_burglary_nonresident_unknown,offenses_burglary_total,offenses_motor_vehicle_theft,offenses_murder,offenses_rape,offenses_robbery_bank,offenses_robbery_chain_store,offenses_robbery_gas_station,offenses_robbery_highway,offenses_robbery_house,offenses_robbery_miscellaneous,offenses_robbery_residence,offenses_robbery_total,offenses_theft_under_50,offenses_theft_50_to_200,offenses_theft_over_200,offenses_theft_total,offenses_theft_auto_part,offenses_theft_bicycle,offenses_theft_coin_machine,offenses_theft_from_auto,offenses_theft_from_building,offenses_theft_picking_pocket,offenses_theft_purse_snatching,offenses_theft_shoplifting,offenses_theft_all_other,value_burglary_resident_night,value_burglary_resident_day,value_burglary_resident_unknown,value_burglary_nonresident_night,value_burglary_nonresident_day,value_burglary_nonresident_unknown,value_burglary_total,value_motor_vehicle_theft,value_murder,value_rape,value_robbery_bank,value_robbery_chain_store,value_robbery_gas_station,value_robbery_highway,value_robbery_house,value_robbery_miscellaneous,value_robbery_residence,value_robbery_total,value_theft_under_50,value_theft_50_to_200,value_theft_over_200,value_theft_total,value_total_all_values,value_theft_auto_part,value_theft_bicycle,value_theft_coin_machine,value_theft_from_auto,value_theft_from_building,value_theft_picking_pocket,value_theft_purse_snatching,value_theft_shoplifting,value_theft_all_other,value_stolen_clothing_or_fur,value_stolen_consumable_good,value_stolen_currency,value_stolen_guns,value_stolen_household_good,value_stolen_jewelry_metal,value_stolen_livestock,value_stolen_local_motor_vehicle,value_stolen_miscellaneous,value_stolen_office_equipment,value_stolen_tv_and_radio,value_stolen_total,value_recovered_clothing_or_fur,value_recovered_consumable_good,value_recovered_currency,value_recovered_guns,value_recovered_household_good,value_recovered_jewelry_metal,value_recovered_livestock,value_recovered_local_motor_vehicle,value_recovered_miscellaneous,value_recovered_office_equipment,value_recovered_tv_and_radio,value_recovered_total
Via Metropolitan Transit,2019-01-01,Texas,0,TX01548,0,0,0,0,0,0,0,0,0,0,0,0,0,0,0,0,0,0,0,0,0,0,0,0,0,0,0,0,0,0,0,0,0,0,0,0,0,0,0,0,0,0,0,0,0,0,0,0,0,0,0,0,0,0,0,0,0,0,0,0,0,0,0,0,0,0,0,0,0,0,0,0,0,0,0,0,0,0,0,0,0,0,0,0,0,0,0
Via Metropolitan Transit,2019-02-01,Texas,0,TX01548,0,0,0,0,0,0,0,0,0,0,0,0,0,0,0,0,0,0,0,0,0,0,0,0,0,0,0,0,0,0,0,0,0,0,0,0,0,0,0,0,0,0,0,0,0,0,0,0,0,0,0,0,0,0,0,0,0,0,0,0,0,0,0,0,0,0,0,0,0,0,0,0,0,0,0,0,0,0,0,0,0,0,0,0,0,0,0
Via Metropolitan Transit,2019-03-01,Texas,0,TX01548,0,0,0,0,0,0,0,0,0,0,0,0,0,0,0,0,0,0,0,0,0,0,0,0,0,0,0,0,0,0,0,0,0,0,0,0,0,0,0,0,0,0,0,0,0,0,0,0,0,0,0,0,0,0,0,0,0,0,0,0,0,0,0,0,0,0,0,0,0,0,0,0,0,0,0,0,0,0,0,0,0,0,0,0,0,0,0
Via Metropolitan Transit,2019-04-01,Texas,0,TX01548,0,0,0,0,0,0,0,0,0,0,0,0,0,0,0,0,0,0,0,0,0,0,0,0,0,0,0,0,0,0,0,0,0,0,0,0,0,0,0,0,0,0,0,0,0,0,0,0,0,0,0,0,0,0,0,0,0,0,0,0,0,0,0,0,0,0,0,0,0,0,0,0,0,0,0,0,0,0,0,0,0,0,0,0,0,0,0
Via Metropolitan Transit,2019-05-01,Texas,0,TX01548,0,0,0,0,0,0,0,0,0,0,0,0,0,0,0,0,0,0,0,0,0,0,0,0,0,0,0,0,0,0,0,0,0,0,0,0,0,0,0,0,0,0,0,0,0,0,0,0,0,0,0,0,0,0,0,0,0,0,0,0,0,0,0,0,0,0,0,0,0,0,0,0,0,0,0,0,0,0,0,0,0,0,0,0,0,0,0
Via Metropolitan Transit,2019-06-01,Texas,0,TX01548,0,0,0,0,0,0,0,0,0,0,0,0,0,0,0,0,0,0,0,0,0,0,0,0,0,0,0,0,0,0,0,0,0,0,0,0,0,0,0,0,0,0,0,0,0,0,0,0,0,0,0,0,0,0,0,0,0,0,0,0,0,0,0,0,0,0,0,0,0,0,0,0,0,0,0,0,0,0,0,0,0,0,0,0,0,0,0
Via Metropolitan Transit,2019-07-01,Texas,0,TX01548,0,0,0,0,0,0,0,0,0,0,0,0,0,0,0,0,0,0,0,0,0,0,0,0,0,0,0,0,0,0,0,0,0,0,0,0,0,0,0,0,0,0,0,0,0,0,0,0,0,0,0,0,0,0,0,0,0,0,0,0,0,0,0,0,0,0,0,0,0,0,0,0,0,0,0,0,0,0,0,0,0,0,0,0,0,0,0
Via Metropolitan Transit,2019-08-01,Texas,0,TX01548,0,0,0,0,0,0,0,0,0,0,0,0,0,0,0,0,0,0,0,0,0,0,0,0,0,0,0,0,0,0,0,0,0,0,0,0,0,0,0,0,0,0,0,0,0,0,0,0,0,0,0,0,0,0,0,0,0,0,0,0,0,0,0,0,0,0,0,0,0,0,0,0,0,0,0,0,0,0,0,0,0,0,0,0,0,0,0
Via Metropolitan Transit,2019-09-01,Texas,0,TX01548,0,0,0,0,0,0,0,0,0,0,0,0,0,0,0,0,0,0,0,0,0,0,0,0,0,0,0,0,0,0,0,0,0,0,0,0,0,0,0,0,0,0,0,0,0,0,0,0,0,0,0,0,0,0,0,0,0,0,0,0,0,0,0,0,0,0,0,0,0,0,0,0,0,0,0,0,0,0,0,0,0,0,0,0,0,0,0
Via Metropolitan Transit,2019-10-01,Texas,0,TX01548,0,0,0,0,0,0,0,0,0,0,0,0,0,0,0,0,0,0,0,0,0,0,0,0,0,0,0,0,0,0,0,0,0,0,0,0,0,0,0,0,0,0,0,0,0,0,0,0,0,0,0,0,0,0,0,0,0,0,0,0,0,0,0,0,0,0,0,0,0,0,0,0,0,0,0,0,0,0,0,0,0,0,0,0,0,0,0
Via Metropolitan Transit,2019-11-01,Texas,0,TX01548,0,0,0,0,0,0,0,0,0,0,0,0,0,0,0,0,0,0,0,0,0,0,0,0,0,0,0,0,0,0,0,0,0,0,0,0,0,0,0,0,0,0,0,0,0,0,0,0,0,0,0,0,0,0,0,0,0,0,0,0,0,0,0,0,0,0,0,0,0,0,0,0,0,0,0,0,0,0,0,0,0,0,0,0,0,0,0
Via Metropolitan Transit,2019-12-01,Texas,0,TX01548,0,0,0,0,0,0,0,0,0,0,0,0,0,0,0,0,0,0,0,0,0,0,0,0,0,0,0,0,0,0,0,0,0,0,0,0,0,0,0,0,0,0,0,0,0,0,0,0,0,0,0,0,0,0,0,0,0,0,0,0,0,0,0,0,0,0,0,0,0,0,0,0,0,0,0,0,0,0,0,0,0,0,0,0,0,0,0
Via Metropolitan Transit,2020-01-01,Texas,0,TX01548,0,0,0,0,0,0,0,0,0,0,0,0,0,0,0,0,0,0,0,0,0,0,0,0,0,0,0,0,0,0,0,0,0,0,0,0,0,0,0,0,0,0,0,0,0,0,0,0,0,0,0,0,0,0,0,0,0,0,0,0,0,0,0,0,0,0,0,0,0,0,0,0,0,0,0,0,0,0,0,0,0,0,0,0,0,0,0
Via Metropolitan Transit,2020-02-01,Texas,0,TX01548,0,0,0,0,0,0,0,0,0,0,0,0,0,0,0,0,0,0,0,0,0,0,0,0,0,0,0,0,0,0,0,0,0,0,0,0,0,0,0,0,0,0,0,0,0,0,0,0,0,0,0,0,0,0,0,0,0,0,0,0,0,0,0,0,0,0,0,0,0,0,0,0,0,0,0,0,0,0,0,0,0,0,0,0,0,0,0
Via Metropolitan Transit,2020-03-01,Texas,0,TX01548,0,0,0,0,0,0,0,0,0,0,0,0,0,0,0,0,0,0,0,0,0,0,0,0,0,0,0,0,0,0,0,0,0,0,0,0,0,0,0,0,0,0,0,0,0,0,0,0,0,0,0,0,0,0,0,0,0,0,0,0,0,0,0,0,0,0,0,0,0,0,0,0,0,0,0,0,0,0,0,0,0,0,0,0,0,0,0
Via Metropolitan Transit,2020-04-01,Texas,0,TX01548,0,0,0,0,0,0,0,0,0,0,0,0,0,0,0,0,0,0,0,0,0,0,0,0,0,0,0,0,0,0,0,0,0,0,0,0,0,0,0,0,0,0,0,0,0,0,0,0,0,0,0,0,0,0,0,0,0,0,0,0,0,0,0,0,0,0,0,0,0,0,0,0,0,0,0,0,0,0,0,0,0,0,0,0,0,0,0
Via Metropolitan Transit,2020-05-01,Texas,0,TX01548,0,0,0,0,0,0,0,0,0,0,0,0,0,0,0,0,0,0,0,0,0,0,0,0,0,0,0,0,0,0,0,0,0,0,0,0,0,0,0,0,0,0,0,0,0,0,0,0,0,0,0,0,0,0,0,0,0,0,0,0,0,0,0,0,0,0,0,0,0,0,0,0,0,0,0,0,0,0,0,0,0,0,0,0,0,0,0
Via Metropolitan Transit,2020-06-01,Texas,0,TX01548,0,0,0,0,0,0,0,0,0,0,0,0,0,0,0,0,0,0,0,0,0,0,0,0,0,0,0,0,0,0,0,0,0,0,0,0,0,0,0,0,0,0,0,0,0,0,0,0,0,0,0,0,0,0,0,0,0,0,0,0,0,0,0,0,0,0,0,0,0,0,0,0,0,0,0,0,0,0,0,0,0,0,0,0,0,0,0
Via Metropolitan Transit,2020-07-01,Texas,0,TX01548,0,0,0,0,0,0,0,0,0,0,0,0,0,0,0,0,0,0,0,0,0,0,0,0,0,0,0,0,0,0,0,0,0,0,0,0,0,0,0,0,0,0,0,0,0,0,0,0,0,0,0,0,0,0,0,0,0,0,0,0,0,0,0,0,0,0,0,0,0,0,0,0,0,0,0,0,0,0,0,0,0,0,0,0,0,0,0
Via Metropolitan Transit,2020-08-01,Texas,0,TX01548,0,0,0,0,0,0,0,0,0,0,0,0,0,0,0,0,0,0,0,0,0,0,0,0,0,0,0,0,0,0,0,0,0,0,0,0,0,0,0,0,0,0,0,0,0,0,0,0,0,0,0,0,0,0,0,0,0,0,0,0,0,0,0,0,0,0,0,0,0,0,0,0,0,0,0,0,0,0,0,0,0,0,0,0,0,0,0
Via Metropolitan Transit,2020-09-01,Texas,0,TX01548,0,0,0,0,0,0,0,0,0,0,0,0,0,0,0,0,0,0,0,0,0,0,0,0,0,0,0,0,0,0,0,0,0,0,0,0,0,0,0,0,0,0,0,0,0,0,0,0,0,0,0,0,0,0,0,0,0,0,0,0,0,0,0,0,0,0,0,0,0,0,0,0,0,0,0,0,0,0,0,0,0,0,0,0,0,0,0
Via Metropolitan Transit,2020-10-01,Texas,0,TX01548,0,0,0,0,0,0,0,0,0,0,0,0,0,0,0,0,0,0,0,0,0,0,0,0,0,0,0,0,0,0,0,0,0,0,0,0,0,0,0,0,0,0,0,0,0,0,0,0,0,0,0,0,0,0,0,0,0,0,0,0,0,0,0,0,0,0,0,0,0,0,0,0,0,0,0,0,0,0,0,0,0,0,0,0,0,0,0
Via Metropolitan Transit,2020-11-01,Texas,0,TX01548,0,0,0,0,0,0,0,0,0,0,0,0,0,0,0,0,0,0,0,0,0,0,0,0,0,0,0,0,0,0,0,0,0,0,0,0,0,0,0,0,0,0,0,0,0,0,0,0,0,0,0,0,0,0,0,0,0,0,0,0,0,0,0,0,0,0,0,0,0,0,0,0,0,0,0,0,0,0,0,0,0,0,0,0,0,0,0
Via Metropolitan Transit,2020-12-01,Texas,0,TX01548,0,0,0,0,0,0,0,0,0,0,0,0,0,0,0,0,0,0,0,0,0,0,0,0,0,0,0,0,0,0,0,0,0,0,0,0,0,0,0,0,0,0,0,0,0,0,0,0,0,0,0,0,0,0,0,0,0,0,0,0,0,0,0,0,0,0,0,0,0,0,0,0,0,0,0,0,0,0,0,0,0,0,0,0,0,0,0
Via Metropolitan Transit,2021-01-01,Texas,0,TX01548,0,0,0,0,0,0,0,0,0,0,0,0,0,0,0,0,0,0,0,0,0,0,0,0,0,0,0,0,0,0,0,0,0,0,0,0,0,0,0,0,0,0,0,0,0,0,0,0,0,0,0,0,0,0,0,0,0,0,0,0,0,0,0,0,0,0,0,0,0,0,0,0,0,0,0,0,0,0,0,0,0,0,0,0,0,0,0
Via Metropolitan Transit,2021-02-01,Texas,0,TX01548,0,0,0,0,0,0,0,0,0,0,0,0,0,0,0,0,0,0,0,0,0,0,0,0,0,0,0,0,0,0,0,0,0,0,0,0,0,0,0,0,0,0,0,0,0,0,0,0,0,0,0,0,0,0,0,0,0,0,0,0,0,0,0,0,0,0,0,0,0,0,0,0,0,0,0,0,0,0,0,0,0,0,0,0,0,0,0
Via Metropolitan Transit,2021-03-01,Texas,0,TX01548,0,0,0,0,0,0,0,0,0,0,0,0,0,0,0,0,0,0,0,0,0,0,0,0,0,0,0,0,0,0,0,0,0,0,0,0,0,0,0,0,0,0,0,0,0,0,0,0,0,0,0,0,0,0,0,0,0,0,0,0,0,0,0,0,0,0,0,0,0,0,0,0,0,0,0,0,0,0,0,0,0,0,0,0,0,0,0
Via Metropolitan Transit,2021-04-01,Texas,0,TX01548,0,0,0,0,0,0,0,0,0,0,0,0,0,0,0,0,0,0,0,0,0,0,0,0,0,0,0,0,0,0,0,0,0,0,0,0,0,0,0,0,0,0,0,0,0,0,0,0,0,0,0,0,0,0,0,0,0,0,0,0,0,0,0,0,0,0,0,0,0,0,0,0,0,0,0,0,0,0,0,0,0,0,0,0,0,0,0
Via Metropolitan Transit,2021-05-01,Texas,0,TX01548,0,0,0,0,0,0,0,0,0,0,0,0,0,0,0,0,0,0,0,0,0,0,0,0,0,0,0,0,0,0,0,0,0,0,0,0,0,0,0,0,0,0,0,0,0,0,0,0,0,0,0,0,0,0,0,0,0,0,0,0,0,0,0,0,0,0,0,0,0,0,0,0,0,0,0,0,0,0,0,0,0,0,0,0,0,0,0
Via Metropolitan Transit,2021-06-01,Texas,0,TX01548,0,0,0,0,0,0,0,0,0,0,0,0,0,0,0,0,0,0,0,0,0,0,0,0,0,0,0,0,0,0,0,0,0,0,0,0,0,0,0,0,0,0,0,0,0,0,0,0,0,0,0,0,0,0,0,0,0,0,0,0,0,0,0,0,0,0,0,0,0,0,0,0,0,0,0,0,0,0,0,0,0,0,0,0,0,0,0
Via Metropolitan Transit,2021-07-01,Texas,0,TX01548,0,0,0,0,0,0,0,0,0,0,0,0,0,0,0,0,0,0,0,0,0,0,0,0,0,0,0,0,0,0,0,0,0,0,0,0,0,0,0,0,0,0,0,0,0,0,0,0,0,0,0,0,0,0,0,0,0,0,0,0,0,0,0,0,0,0,0,0,0,0,0,0,0,0,0,0,0,0,0,0,0,0,0,0,0,0,0
Via Metropolitan Transit,2021-08-01,Texas,0,TX01548,0,0,0,0,0,0,0,0,0,0,0,0,0,0,0,0,0,0,0,0,0,0,0,0,0,0,0,0,0,0,0,0,0,0,0,0,0,0,0,0,0,0,0,0,0,0,0,0,0,0,0,0,0,0,0,0,0,0,0,0,0,0,0,0,0,0,0,0,0,0,0,0,0,0,0,0,0,0,0,0,0,0,0,0,0,0,0
Via Metropolitan Transit,2021-09-01,Texas,0,TX01548,0,0,0,0,0,0,0,0,0,0,0,0,0,0,0,0,0,0,0,0,0,0,0,0,0,0,0,0,0,0,0,0,0,0,0,0,0,0,0,0,0,0,0,0,0,0,0,0,0,0,0,0,0,0,0,0,0,0,0,0,0,0,0,0,0,0,0,0,0,0,0,0,0,0,0,0,0,0,0,0,0,0,0,0,0,0,0
Via Metropolitan Transit,2021-10-01,Texas,0,TX01548,0,0,0,0,0,0,0,0,0,0,0,0,0,0,0,0,0,0,0,0,0,0,0,0,0,0,0,0,0,0,0,0,0,0,0,0,0,0,0,0,0,0,0,0,0,0,0,0,0,0,0,0,0,0,0,0,0,0,0,0,0,0,0,0,0,0,0,0,0,0,0,0,0,0,0,0,0,0,0,0,0,0,0,0,0,0,0
Via Metropolitan Transit,2021-11-01,Texas,0,TX01548,0,0,0,0,0,0,0,0,0,0,0,0,0,0,0,0,0,0,0,0,0,0,0,0,0,0,0,0,0,0,0,0,0,0,0,0,0,0,0,0,0,0,0,0,0,0,0,0,0,0,0,0,0,0,0,0,0,0,0,0,0,0,0,0,0,0,0,0,0,0,0,0,0,0,0,0,0,0,0,0,0,0,0,0,0,0,0
Via Metropolitan Transit,2021-12-01,Texas,0,TX01548,0,0,0,0,0,0,0,0,0,0,0,0,0,0,0,0,0,0,0,0,0,0,0,0,0,0,0,0,0,0,0,0,0,0,0,0,0,0,0,0,0,0,0,0,0,0,0,0,0,0,0,0,0,0,0,0,0,0,0,0,0,0,0,0,0,0,0,0,0,0,0,0,0,0,0,0,0,0,0,0,0,0,0,0,0,0,0
Via Metropolitan Transit,2022-01-01,Texas,0,TX01548,0,0,0,0,0,0,0,0,0,0,0,0,0,0,0,0,0,0,0,0,0,0,0,0,0,0,0,0,0,0,0,0,0,0,0,0,0,0,0,0,0,0,0,0,0,0,0,0,0,0,0,0,0,0,0,0,0,0,0,0,0,0,0,0,0,0,0,0,0,0,0,0,0,0,0,0,0,0,0,0,0,0,0,0,0,0,0
Via Metropolitan Transit,2022-02-01,Texas,0,TX01548,0,0,0,0,0,0,0,0,0,0,0,0,0,0,0,0,0,0,0,0,0,0,0,0,0,0,0,0,0,0,0,0,0,0,0,0,0,0,0,0,0,0,0,0,0,0,0,0,0,0,0,0,0,0,0,0,0,0,0,0,0,0,0,0,0,0,0,0,0,0,0,0,0,0,0,0,0,0,0,0,0,0,0,0,0,0,0
Via Metropolitan Transit,2022-03-01,Texas,0,TX01548,0,0,0,0,0,0,0,0,0,0,0,0,0,0,0,0,0,0,0,0,0,0,0,0,0,0,0,0,0,0,0,0,0,0,0,0,0,0,0,0,0,0,0,0,0,0,0,0,0,0,0,0,0,0,0,0,0,0,0,0,0,0,0,0,0,0,0,0,0,0,0,0,0,0,0,0,0,0,0,0,0,0,0,0,0,0,0
Via Metropolitan Transit,2022-04-01,Texas,0,TX01548,0,0,0,0,0,0,0,0,0,0,0,0,0,0,0,0,0,0,0,0,0,0,0,0,0,0,0,0,0,0,0,0,0,0,0,0,0,0,0,0,0,0,0,0,0,0,0,0,0,0,0,0,0,0,0,0,0,0,0,0,0,0,0,0,0,0,0,0,0,0,0,0,0,0,0,0,0,0,0,0,0,0,0,0,0,0,0
Via Metropolitan Transit,2022-05-01,Texas,0,TX01548,0,0,0,0,0,0,0,0,0,0,0,0,0,0,0,0,0,0,0,0,0,0,0,0,0,0,0,0,0,0,0,0,0,0,0,0,0,0,0,0,0,0,0,0,0,0,0,0,0,0,0,0,0,0,0,0,0,0,0,0,0,0,0,0,0,0,0,0,0,0,0,0,0,0,0,0,0,0,0,0,0,0,0,0,0,0,0
Via Metropolitan Transit,2022-06-01,Texas,0,TX01548,0,0,0,0,0,0,0,0,0,0,0,0,0,0,0,0,0,0,0,0,0,0,0,0,0,0,0,0,0,0,0,0,0,0,0,0,0,0,0,0,0,0,0,0,0,0,0,0,0,0,0,0,0,0,0,0,0,0,0,0,0,0,0,0,0,0,0,0,0,0,0,0,0,0,0,0,0,0,0,0,0,0,0,0,0,0,0
Via Metropolitan Transit,2022-07-01,Texas,0,TX01548,0,0,0,0,0,0,0,0,0,0,0,0,0,0,0,0,0,0,0,0,0,0,0,0,0,0,0,0,0,0,0,0,0,0,0,0,0,0,0,0,0,0,0,0,0,0,0,0,0,0,0,0,0,0,0,0,0,0,0,0,0,0,0,0,0,0,0,0,0,0,0,0,0,0,0,0,0,0,0,0,0,0,0,0,0,0,0
Via Metropolitan Transit,2022-08-01,Texas,0,TX01548,0,0,0,0,0,0,0,0,0,0,0,0,0,0,0,0,0,0,0,0,0,0,0,0,0,0,0,0,0,0,0,0,0,0,0,0,0,0,0,0,0,0,0,0,0,0,0,0,0,0,0,0,0,0,0,0,0,0,0,0,0,0,0,0,0,0,0,0,0,0,0,0,0,0,0,0,0,0,0,0,0,0,0,0,0,0,0
Via Metropolitan Transit,2022-09-01,Texas,0,TX01548,0,0,0,0,0,0,0,0,0,0,0,0,0,0,0,0,0,0,0,0,0,0,0,0,0,0,0,0,0,0,0,0,0,0,0,0,0,0,0,0,0,0,0,0,0,0,0,0,0,0,0,0,0,0,0,0,0,0,0,0,0,0,0,0,0,0,0,0,0,0,0,0,0,0,0,0,0,0,0,0,0,0,0,0,0,0,0
Via Metropolitan Transit,2022-10-01,Texas,0,TX01548,0,0,0,0,0,0,0,0,0,0,0,0,0,0,0,0,0,0,0,0,0,0,0,0,0,0,0,0,0,0,0,0,0,0,0,0,0,0,0,0,0,0,0,0,0,0,0,0,0,0,0,0,0,0,0,0,0,0,0,0,0,0,0,0,0,0,0,0,0,0,0,0,0,0,0,0,0,0,0,0,0,0,0,0,0,0,0
Via Metropolitan Transit,2022-11-01,Texas,0,TX01548,0,0,0,0,0,0,0,0,0,0,0,0,0,0,0,0,0,0,0,0,0,0,0,0,0,0,0,0,0,0,0,0,0,0,0,0,0,0,0,0,0,0,0,0,0,0,0,0,0,0,0,0,0,0,0,0,0,0,0,0,0,0,0,0,0,0,0,0,0,0,0,0,0,0,0,0,0,0,0,0,0,0,0,0,0,0,0
Via Metropolitan Transit,2022-12-01,Texas,0,TX01548,0,0,0,0,0,0,0,0,0,0,0,0,0,0,0,0,0,0,0,0,0,0,0,0,0,0,0,0,0,0,0,0,0,0,0,0,0,0,0,0,0,0,0,0,0,0,0,0,0,0,0,0,0,0,0,0,0,0,0,0,0,0,0,0,0,0,0,0,0,0,0,0,0,0,0,0,0,0,0,0,0,0,0,0,0,0,0
Via Metropolitan Transit,2023-01-01,Texas,0,TX01548,0,0,0,0,0,0,0,0,0,0,0,0,0,0,0,0,0,0,0,0,0,0,0,0,0,0,0,0,0,0,0,0,0,0,0,0,0,0,0,0,0,0,0,0,0,0,0,0,0,0,0,0,0,0,0,0,0,0,0,0,0,0,0,0,0,0,0,0,0,0,0,0,0,0,0,0,0,0,0,0,0,0,0,0,0,0,0
Via Metropolitan Transit,2023-02-01,Texas,0,TX01548,0,0,0,0,0,0,0,0,0,0,0,0,0,0,0,0,0,0,0,0,0,0,0,0,0,0,0,0,0,0,0,0,0,0,0,0,0,0,0,0,0,0,0,0,0,0,0,0,0,0,0,0,0,0,0,0,0,0,0,0,0,0,0,0,0,0,0,0,0,0,0,0,0,0,0,0,0,0,0,0,0,0,0,0,0,0,0
Via Metropolitan Transit,2023-03-01,Texas,0,TX01548,0,0,0,0,0,0,0,0,0,0,0,0,0,0,0,0,0,0,0,0,0,0,0,0,0,0,0,0,0,0,0,0,0,0,0,0,0,0,0,0,0,0,0,0,0,0,0,0,0,0,0,0,0,0,0,0,0,0,0,0,0,0,0,0,0,0,0,0,0,0,0,0,0,0,0,0,0,0,0,0,0,0,0,0,0,0,0
Via Metropolitan Transit,2023-04-01,Texas,0,TX01548,0,0,0,0,0,0,0,0,0,0,0,0,0,0,0,0,0,0,0,0,0,0,0,0,0,0,0,0,0,0,0,0,0,0,0,0,0,0,0,0,0,0,0,0,0,0,0,0,0,0,0,0,0,0,0,0,0,0,0,0,0,0,0,0,0,0,0,0,0,0,0,0,0,0,0,0,0,0,0,0,0,0,0,0,0,0,0
Via Metropolitan Transit,2023-05-01,Texas,0,TX01548,0,0,0,0,0,0,0,0,0,0,0,0,0,0,0,0,0,0,0,0,0,0,0,0,0,0,0,0,0,0,0,0,0,0,0,0,0,0,0,0,0,0,0,0,0,0,0,0,0,0,0,0,0,0,0,0,0,0,0,0,0,0,0,0,0,0,0,0,0,0,0,0,0,0,0,0,0,0,0,0,0,0,0,0,0,0,0
Via Metropolitan Transit,2023-06-01,Texas,0,TX01548,0,0,0,0,0,0,0,0,0,0,0,0,0,0,0,0,0,0,0,0,0,0,0,0,0,0,0,0,0,0,0,0,0,0,0,0,0,0,0,0,0,0,0,0,0,0,0,0,0,0,0,0,0,0,0,0,0,0,0,0,0,0,0,0,0,0,0,0,0,0,0,0,0,0,0,0,0,0,0,0,0,0,0,0,0,0,0
Via Metropolitan Transit,2023-07-01,Texas,0,TX01548,0,0,0,0,0,0,0,0,0,0,0,0,0,0,0,0,0,0,0,0,0,0,0,0,0,0,0,0,0,0,0,0,0,0,0,0,0,0,0,0,0,0,0,0,0,0,0,0,0,0,0,0,0,0,0,0,0,0,0,0,0,0,0,0,0,0,0,0,0,0,0,0,0,0,0,0,0,0,0,0,0,0,0,0,0,0,0
Via Metropolitan Transit,2023-08-01,Texas,0,TX01548,0,0,0,0,0,0,0,0,0,0,0,0,0,0,0,0,0,0,0,0,0,0,0,0,0,0,0,0,0,0,0,0,0,0,0,0,0,0,0,0,0,0,0,0,0,0,0,0,0,0,0,0,0,0,0,0,0,0,0,0,0,0,0,0,0,0,0,0,0,0,0,0,0,0,0,0,0,0,0,0,0,0,0,0,0,0,0
Via Metropolitan Transit,2023-09-01,Texas,0,TX01548,0,0,0,0,0,0,0,0,0,0,0,0,0,0,0,0,0,0,0,0,0,0,0,0,0,0,0,0,0,0,0,0,0,0,0,0,0,0,0,0,0,0,0,0,0,0,0,0,0,0,0,0,0,0,0,0,0,0,0,0,0,0,0,0,0,0,0,0,0,0,0,0,0,0,0,0,0,0,0,0,0,0,0,0,0,0,0
Via Metropolitan Transit,2023-10-01,Texas,0,TX01548,0,0,0,0,0,0,0,0,0,0,0,0,0,0,0,0,0,0,0,0,0,0,0,0,0,0,0,0,0,0,0,0,0,0,0,0,0,0,0,0,0,0,0,0,0,0,0,0,0,0,0,0,0,0,0,0,0,0,0,0,0,0,0,0,0,0,0,0,0,0,0,0,0,0,0,0,0,0,0,0,0,0,0,0,0,0,0
Via Metropolitan Transit,2023-11-01,Texas,0,TX01548,0,0,0,0,0,0,0,0,0,0,0,0,0,0,0,0,0,0,0,0,0,0,0,0,0,0,0,0,0,0,0,0,0,0,0,0,0,0,0,0,0,0,0,0,0,0,0,0,0,0,0,0,0,0,0,0,0,0,0,0,0,0,0,0,0,0,0,0,0,0,0,0,0,0,0,0,0,0,0,0,0,0,0,0,0,0,0
Via Metropolitan Transit,2023-12-01,Texas,0,TX01548,0,0,0,0,0,0,0,0,0,0,0,0,0,0,0,0,0,0,0,0,0,0,0,0,0,0,0,0,0,0,0,0,0,0,0,0,0,0,0,0,0,0,0,0,0,0,0,0,0,0,0,0,0,0,0,0,0,0,0,0,0,0,0,0,0,0,0,0,0,0,0,0,0,0,0,0,0,0,0,0,0,0,0,0,0,0,0
Via Metropolitan Transit,2024-01-01,Texas,0,TX01548,0,0,0,0,0,0,0,0,0,0,0,0,0,0,0,2,0,2,0,0,0,0,0,0,0,0,0,0,0,0,0,0,0,0,0,145,0,145030,0,0,0,0,0,0,0,0,0,0,0,0,0,0,0,0,0,0,0,0,0,0,0,0,0,1,0,0,0,0,0,0,489836665,0,0,0,0,0,0,0,0,0,0,0,0,0,0,0,0
Via Metropolitan Transit,2024-02-01,Texas,0,TX01548,0,0,0,0,0,0,0,15100,0,0,0,0,0,0,0,0,0,0,151000,0,0,151000,0,0,0,0,0,0,0,0,0,0,0,0,9604640,0,0,0,0,0,0,0,0,0,0,0,0,0,0,0,0,0,0,0,28813923,192,0,0,67232,0,0,0,0,57627843,0,0,0,0,0,0,0,0,0,0,0,0,0,0,0,0,0,0,0,0,0,0,0
Via Metropolitan Transit,2024-03-01,Texas,0,TX01548,29,0,4000000,100000,0,2,4100031,0,0,0,0,0,0,0,0,0,0,0,0,0,0,0,0,0,1000000,0,9,0,0,0,0,0,0,0,0,62,96046405,0,0,0,0,0,0,0,0,0,0,1277,0,0,0,0,0,0,0,152617737,0,0,215,0,0,0,0,0,0,0,0,0,0,0,0,0,0,0,0,0,0,0,0,0,0,0,96046,192093,0,0,19209281
Via Metropolitan Transit,2024-04-01,Texas,0,TX01548,10000,10000,0,10000,0,0,30000,0,0,0,40000,0,0,0,0,30000,70000,140000,110000,0,0,110000,0,0,0,0,0,0,0,0,0,0,0,0,0,0,0,0,0,0,0,83560,84,0,0,0,0,0,0,0,0,0,5272,547465,15127309,36,144,0,627183024,0,6723248,5826,0,0,55,0,0,0,0,537859868,1,0,576278430,0,0,0,0,0,15127,0,0,0,0,0,1,887468782,0
Via Metropolitan Transit,2024-05-01,Texas,0,TX01548,0,3000000,0,0,0,0,3000000,0,0,0,4226,0,0,0,300,0,0,4526,0,0,0,0,0,0,0,0,0,0,0,0,0,0,0,0,0,0,0,0,1920928,0,0,0,0,9604640,0,0,0,0,0,288,19209284,0,76837,0,0,5762784,0,0,0,0,192093,0,0,0,0,0,0,0,0,0,0,0,0,0,0,0,0,0,0,0,0,0,0,14,0,0,240116012
Via Metropolitan Transit,2024-06-01,Texas,0,TX01548,0,0,0,0,0,0,0,0,330000,0,0,0,18950,4000,0,13389,66000,102339,0,0,0,0,0,1,0,0,8950000,0,0,0,0,0,0,0,0,0,0,0,480232025,0,0,6339063,37,0,0,0,0,576278430,0,143973561,0,0,6521,0,0,0,0,0,0,0,0,0,0,0,0,0,96046,0,0,0,0,0,0,0,0,19209281,288139,0,0,0,192093,19209284,0,768,0,0,0
Via Metropolitan Transit,2024-07-01,Texas,0,TX01548,0,0,0,0,0,0,0,0,0,0,60,10,10,0,0,0,0,80,0,0,0,0,0,1000000,100000,0,0,0,0,0,0,0,1537,0,216104,0,1920928,1755,0,0,0,0,0,0,0,0,0,0,0,1,0,0,795264233,0,0,0,576278430,0,0,0,0,0,480,0,0,259325293,0,0,0,0,0,0,0,0,0,960,0,0,0,0,960464,794304,0,1,0,0,795264233
Via Metropolitan Transit,2024-08-01,Texas,0,TX01548,0,0,0,0,500000,0,500000,0,0,0,0,0,0,0,0,0,0,0,0,0,0,0,0,0,0,0,0,0,5,10,0,0,67232,0,96046405,0,96046,0,0,960,0,0,0,0,1,0,0,0,38418565,3841856,0,96,0,0,0,0,0,0,0,0,0,0,0,0,0,0,0,0,0,0,0,0,0,0,0,163278888,0,0,37,220906731,35,0,2939,37679005,0,0,8
Via Metropolitan Transit,2024-09-01,Texas,0,TX01548,0,0,570000,0,0,0,570000,0,0,0,0,10,0,0,0,0,0,10,0,0,0,0,1,100000,0,0,0,0,0,0,0,364688200,377,288139215,0,0,0,0,0,0,2,0,0,0,480232025,0,0,0,0,0,0,0,0,0,0,0,0,0,0,0,0,0,0,0,0,0,0,0,0,0,0,0,192093,19209281,480232,0,0,9604642,0,9604640,768,67232,0,0,0,0,0
Via Metropolitan Transit,2024-10-01,Texas,0,TX01548,0,0,0,0,0,501000,501000,0,0,0,0,0,0,0,0,0,0,0,0,0,50100,50100,0,0,0,0,0,0,0,0,0,6,958543122,0,0,0,0,0,168081209,0,0,6240,0,168081,6070,0,0,1920928,0,0,0,0,0,0,0,0,60,309269424,0,0,0,6,0,192093,0,0,0,0,0,0,0,0,0,1,0,958543122,0,5932786,0,0,6,0,0,0,0,0,0
Via Metropolitan Transit,2024-11-01,Texas,0,TX01548,0,0,100,0,100000,0,100100,0,0,1,0,0,0,0,0,0,0,0,0,0,0,0,0,0,0,0,0,0,0,0,0,8644176,0,0,0,0,0,0,0,48023205,576,4,0,96046405,134465,0,0,0,0,0,0,0,0,0,0,0,0,0,0,0,0,0,0,0,845208,0,2977,0,0,24,0,835603723,20,854813004,0,1,0,0,0,0,24847205,0,0,0,0,0,14599054
Via Metropolitan Transit,2024-12-01,Texas,0,TX01548,1000000,0,0,0,0,33700,1033700,9,0,0,0,6700000,9,0,0,0,0,6700009,89,0,0,89,0,0,0,0,0,5000000,0,0,0,0,0,0,0,0,0,0,0,0,188827232,0,0,0,248,672324835,0,0,0,0,0,0,0,0,0,0,0,0,0,9605,0,0,0,480232,1921,0,0,0,0,0,9604641,0,672,0,0,0,0,48023,0,0,0,0,0,0,0,0,0
